{"cameraMode":{"drawMode":0,"name":"Shaded","section":"Shading Mode"},"sceneLighting":false,"audioPlay":false,"sceneViewState":{"showFog":false,"showMaterialUpdate":false,"showSkybox":false,"showFlares":false,"showImageEffects":false,"showParticleSystems":false},"in2DMode":false,"pivot":{"x":2.865856885910034,"y":0.45629066228866579,"z":-1.1727831363677979},"rotation":{"x":-0.01623673550784588,"y":-0.2588898539543152,"z":0.004346461035311222,"w":-0.9657833576202393},"size":2.5815606117248537,"orthographic":false}