{"cameraMode":{"drawMode":0,"name":"Shaded","section":"Shading Mode"},"sceneLighting":true,"audioPlay":false,"sceneViewState":{"showFog":false,"showMaterialUpdate":false,"showSkybox":false,"showFlares":false,"showImageEffects":false,"showParticleSystems":false},"in2DMode":false,"pivot":{"x":0.3551311492919922,"y":-2.0826778411865236,"z":16.448347091674806},"rotation":{"x":0.1407717764377594,"y":0.5700469613075256,"z":-0.09978432208299637,"w":0.8033553957939148},"size":99.70698547363281,"orthographic":false}