{"cameraMode":{"drawMode":0,"name":"Shaded","section":"Shading Mode"},"sceneLighting":false,"audioPlay":false,"sceneViewState":{"showFog":false,"showMaterialUpdate":false,"showSkybox":false,"showFlares":false,"showImageEffects":false,"showParticleSystems":false},"in2DMode":false,"pivot":{"x":-0.4773881435394287,"y":-4.043497085571289,"z":2.7915291786193849},"rotation":{"x":0.3313860595226288,"y":0.29360005259513857,"z":-0.10924449563026428,"w":0.8900271654129028},"size":53.8685302734375,"orthographic":false}